NHKへようこそ！	http://www.amazon.co.jp/dp/4043747020
θ(シータ)―11番ホームの妖精	http://www.amazon.co.jp/dp/4048670204
四季 春	http://www.amazon.co.jp/dp/4062755688
輝け!へっぽこ冒険譚〈1〉―ソード・ワールド・ノベル	http://www.amazon.co.jp/dp/4829118407
もえない Ｉｎｃｏｍｂｕｓｔｉｂｌｅｓ 	http://www.amazon.co.jp/dp/4043891024
アリソン	http://www.amazon.co.jp/dp/4840220603
キノの旅―The beautiful world	http://www.amazon.co.jp/dp/4840215855
アイの物語	http://www.amazon.co.jp/dp/404460116X
狼と香辛料	http://www.amazon.co.jp/dp/4840233020
黒猫の三角	http://www.amazon.co.jp/dp/406273480X
ささみさん@がんばらない	http://www.amazon.co.jp/dp/4094511768
万能鑑定士Qの事件簿 I	http://www.amazon.co.jp/dp/4043836422
四日間の奇蹟	http://www.amazon.co.jp/dp/4796638431
電波的な彼女	http://www.amazon.co.jp/dp/4086302063
紅	http://www.amazon.co.jp/dp/4086302721
夏のロケット	http://www.amazon.co.jp/dp/4167662019
詩羽のいる街	http://www.amazon.co.jp/dp/4048738844
シュレディンガーのチョコパフェ	http://www.amazon.co.jp/dp/4150309140
MM9	http://www.amazon.co.jp/dp/4488018122
スカイ・クロラ	http://www.amazon.co.jp/dp/4120031586
四畳半神話体系	http://www.amazon.co.jp/dp/404387801X
女王の百年密室―GOD SAVE THE QUEEN 	http://www.amazon.co.jp/dp/4101394326
紫色のクオリア	http://www.amazon.co.jp/dp/404867904X
メグとセロン	http://www.amazon.co.jp/dp/4840241848
リリアとトレイズ〈1〉そして二人は旅行に行った〈上〉	http://www.amazon.co.jp/dp/4840229937
学園キノ	http://www.amazon.co.jp/dp/4048703307
神様のパズル	http://www.amazon.co.jp/dp/4758410038
魔法少女育成計画	http://www.amazon.co.jp/dp/479668039X
人類は衰退しました 1	http://www.amazon.co.jp/dp/4094513086
沈黙のフライバイ	http://www.amazon.co.jp/dp/4150308799
南極点のピアピア動画	http://www.amazon.co.jp/dp/4150310580
アクセル・ワールド〈1〉黒雪姫の帰還	http://www.amazon.co.jp/dp/4048675176
なれる!SE―2週間でわかる?SE入門	http://www.amazon.co.jp/dp/4048686054
ソードアート・オンライン〈1〉アインクラッド	http://www.amazon.co.jp/dp/4048677608
ソードアート・オンライン プログレッシブ1	http://www.amazon.co.jp/dp/4048869779
冴えない彼女の育てかた	http://www.amazon.co.jp/dp/4829137878
も女会の不適切な日常1	http://www.amazon.co.jp/dp/4047279277
僕の妹は漢字が読める	http://www.amazon.co.jp/dp/4798602507
さくら荘のペットな彼女	http://www.amazon.co.jp/dp/4048682806
スワロウテイル人工少女販売処	http://www.amazon.co.jp/dp/4150310017
こちら、幸福安心委員会です。	http://www.amazon.co.jp/dp/4569809669
美少女を嫌いなこれだけの理由	http://www.amazon.co.jp/dp/4796686290
突然騎士になってムフフな俺がいる	http://www.amazon.co.jp/dp/4798600431
俺のリアルとネトゲがラブコメに侵蝕され始めてヤバイ	http://www.amazon.co.jp/dp/4798603120